CREATE DATABASE  IF NOT EXISTS `hackercup` /*!40100 DEFAULT CHARACTER SET utf8 */;
USE `hackercup`;
-- MySQL dump 10.13  Distrib 5.6.17, for Win32 (x86)
--
-- Host: localhost    Database: hackercup
-- ------------------------------------------------------
-- Server version	5.6.20

/*!40101 SET @OLD_CHARACTER_SET_CLIENT=@@CHARACTER_SET_CLIENT */;
/*!40101 SET @OLD_CHARACTER_SET_RESULTS=@@CHARACTER_SET_RESULTS */;
/*!40101 SET @OLD_COLLATION_CONNECTION=@@COLLATION_CONNECTION */;
/*!40101 SET NAMES utf8 */;
/*!40103 SET @OLD_TIME_ZONE=@@TIME_ZONE */;
/*!40103 SET TIME_ZONE='+00:00' */;
/*!40014 SET @OLD_UNIQUE_CHECKS=@@UNIQUE_CHECKS, UNIQUE_CHECKS=0 */;
/*!40014 SET @OLD_FOREIGN_KEY_CHECKS=@@FOREIGN_KEY_CHECKS, FOREIGN_KEY_CHECKS=0 */;
/*!40101 SET @OLD_SQL_MODE=@@SQL_MODE, SQL_MODE='NO_AUTO_VALUE_ON_ZERO' */;
/*!40111 SET @OLD_SQL_NOTES=@@SQL_NOTES, SQL_NOTES=0 */;

--
-- Table structure for table `provinces`
--

DROP TABLE IF EXISTS `provinces`;
/*!40101 SET @saved_cs_client     = @@character_set_client */;
/*!40101 SET character_set_client = utf8 */;
CREATE TABLE `provinces` (
  `province_id` int(11) NOT NULL AUTO_INCREMENT,
  `province_name` varchar(45) NOT NULL,
  `region_id` varchar(45) NOT NULL,
  PRIMARY KEY (`province_id`)
) ENGINE=InnoDB AUTO_INCREMENT=123 DEFAULT CHARSET=utf8;
/*!40101 SET character_set_client = @saved_cs_client */;

--
-- Dumping data for table `provinces`
--

LOCK TABLES `provinces` WRITE;
/*!40000 ALTER TABLE `provinces` DISABLE KEYS */;
INSERT INTO `provinces` VALUES (1,'Caloocan','1'),(2,'Las Pinas','1'),(3,'Makati','1'),(4,'Malabon','1'),(5,'Mandaluyong','1'),(6,'Manila','1'),(7,'Marikina','1'),(8,'Muntinlupa','1'),(9,'Navotas','1'),(10,'Paranaque','1'),(11,'Pasay','1'),(12,'Pasig','1'),(13,'Pateros','1'),(14,'Quezon City','1'),(15,'San Juan','1'),(16,'Taguig','1'),(17,'Valenzuela','1'),(18,'Dagupan','2'),(19,'Ilocos Norte','2'),(20,'Ilocos Sur','2'),(21,'La Union','2'),(22,'Pangasinan','2'),(23,'Abra','18'),(24,'Apayao','18'),(25,'Baguio','18'),(26,'Benguet','18'),(27,'Ifugao','18'),(28,'Kalinga','18'),(29,'Mountain Province','18'),(30,'Batanes','3'),(31,'Cagayan','3'),(32,'Isabela','3'),(33,'Nueva Vizcaya','3'),(34,'Quirino','3'),(35,'Santiago','3'),(44,'Angeles','4'),(45,'Bataan','4'),(46,'Bulacan','4'),(47,'Nueva Ecija','4'),(48,'Olongapo','4'),(49,'Pampanga','4'),(50,'Tarlac','4'),(51,'Zambales','4'),(52,'Aurora','4'),(53,'Batangas','5'),(54,'Cavite','5'),(55,'Laguna','5'),(56,'Lucena','5'),(57,'Quezon','5'),(58,'Rizal','5'),(59,'Marinduque','6'),(60,'Occidental Mindoro','6'),(61,'Oriental Mindoro','6'),(62,'Palawan','6'),(63,'Puerto Prinsesa','6'),(64,'Romblon','6'),(65,'Albay','7'),(66,'Camarines Sur','7'),(67,'Catanduanes','7'),(68,'Masbate','7'),(69,'Naga','7'),(70,'Sorsogon','7'),(71,'Aklan','8'),(72,'Antique','8'),(73,'Capiz','8'),(74,'Guimaras','8'),(75,'Iloilo','8'),(76,'Bacolod','16'),(77,'Negros Occidental','16'),(78,'Negros Oriental','16'),(79,'Bohol','9'),(80,'Cebu','9'),(81,'Lapu-Lapu','9'),(82,'Mandaue','9'),(83,'Siquijor','9'),(84,'Biliran','10'),(85,'Eastern Samar','10'),(86,'Leyte','10'),(87,'Northern Samar','10'),(88,'Ormoc','10'),(89,'Samar','10'),(90,'Southern Leyte','10'),(91,'Tacloban','10'),(92,'Zamboanga del Norte','11'),(93,'Zamboanga del Sur','11'),(94,'Zamboanga Sibugay','11'),(95,'Bukidnon','12'),(96,'Cagayan de Oro','12'),(97,'Camiguin','12'),(98,'Iligan','12'),(99,'Lanao del Norte','12'),(100,'Misamis Occidental','12'),(101,'Misamis Oriental','12'),(102,'Agusan del Norte','15'),(103,'Agusan del Sur','15'),(104,'Butuan','15'),(105,'Dinagat Islands','15'),(106,'Surigao del Norte','15'),(107,'Surigao del Sur','15'),(108,'Compostela Valley','13'),(109,'Davao del Norte','13'),(110,'Davao del Sur','13'),(111,'Davao Oriental','13'),(112,'Davao Occidental','13'),(113,'Cotobato','14'),(114,'General Santos','14'),(115,'Sarangani','14'),(116,'South Cotabato','14'),(117,'Sultan Kudarat','14'),(118,'Basilan','17'),(119,'Lanao del Sur','17'),(120,'Maguindanao','17'),(121,'Sulu','17'),(122,'Tawi-Tawi','17');
/*!40000 ALTER TABLE `provinces` ENABLE KEYS */;
UNLOCK TABLES;

--
-- Table structure for table `regions`
--

DROP TABLE IF EXISTS `regions`;
/*!40101 SET @saved_cs_client     = @@character_set_client */;
/*!40101 SET character_set_client = utf8 */;
CREATE TABLE `regions` (
  `region_id` int(11) NOT NULL AUTO_INCREMENT,
  `region_designation` varchar(45) NOT NULL,
  `region_name` varchar(45) NOT NULL,
  PRIMARY KEY (`region_id`)
) ENGINE=InnoDB AUTO_INCREMENT=19 DEFAULT CHARSET=utf8;
/*!40101 SET character_set_client = @saved_cs_client */;

--
-- Dumping data for table `regions`
--

LOCK TABLES `regions` WRITE;
/*!40000 ALTER TABLE `regions` DISABLE KEYS */;
INSERT INTO `regions` VALUES (1,'NCR','National Capital Region'),(2,'Region 1','Ilocos Region'),(3,'Region 2','Cagayan Valley'),(4,'Region 3','Central Luzon'),(5,'Region 4-A','CALABARZON'),(6,'Region 4-B','MIMAROPA'),(7,'Region 5','Bicol Region'),(8,'Region 6 ','Western Visayas'),(9,'Region 7','Central Visayas'),(10,'Region 8 ','Eastern Visayas'),(11,'Region 9','Zamboanga Peninsula'),(12,'Region 10','Northern Mindanao'),(13,'Region 11','Davao Region'),(14,'Region12','SOCCSKSARGEN'),(15,'Region 13','Caraga'),(16,'NIR','Negros Island Region'),(17,'ARMM','Autonomous Region in Muslim Mindanao'),(18,'CAR','Cordillera Administrative Region');
/*!40000 ALTER TABLE `regions` ENABLE KEYS */;
UNLOCK TABLES;

--
-- Table structure for table `scholarship`
--

DROP TABLE IF EXISTS `scholarship`;
/*!40101 SET @saved_cs_client     = @@character_set_client */;
/*!40101 SET character_set_client = utf8 */;
CREATE TABLE `scholarship` (
  `scholar_id` int(11) NOT NULL AUTO_INCREMENT,
  `scholar_name` varchar(100) NOT NULL,
  `scholar_description` varchar(5000) NOT NULL,
  `school_id` int(11) NOT NULL,
  `link` varchar(100) DEFAULT NULL,
  PRIMARY KEY (`scholar_id`)
) ENGINE=InnoDB AUTO_INCREMENT=12 DEFAULT CHARSET=utf8;
/*!40101 SET character_set_client = @saved_cs_client */;

--
-- Dumping data for table `scholarship`
--

LOCK TABLES `scholarship` WRITE;
/*!40000 ALTER TABLE `scholarship` DISABLE KEYS */;
INSERT INTO `scholarship` VALUES (1,'Vaugirard Scholarship Program','the University will provide fifty (50) new scholarship every year exclusively for students who graduated from Philippine public high schools. The scholarship program provides an opportunity for these students to access the Lasallian education through any baccalaureate degree program at DLSU.',59,'http://www.dlsu.edu.ph/scholarships/vaugirard/default.asp'),(2,'Star Scholars','The Star Scholars Program is an innovative program that offers a integrated undergraduate and graduate scholarship to high-achieving students from around the country. Students selected for the program have the unique opportunity to earn a master\'s degree or go into medicine proper (BS Human Biology students) or enroll in the College of Law on full scholarship after finishing their undergraduate degree.',59,'http://www.dlsu.edu.ph/scholarships/star_scholars.asp'),(3,'Gokongwei Grants','the Gokongwei Brothers Foundation, Inc. will award the Gokongwei Grants to students who wish to pursue priority fields of study in any undergraduate engineering degree program as offered by the college. Twenty five (25) slots are available each year for deserving applicants. The scholarship privileges are full tuition and fees waiver, monthly stipend, and book allowance.',59,'http://www.dlsu.edu.ph/scholarships/gokongwei/'),(4,'Socialized Tuition System','In the University of the Philippines (UP), all students receive financial support from the National Government since the full tuition is much lower than the cost of education in the University. Given that students in UP come from all walks of life, there are those who may not be able to afford paying the full tuition. So UP created the Socialized Tuition System (STS) which provides tuition discount at rates that are based on the assessment of the paying capacity of the household to which a student belongs. This assessment looks at the income as well as the socio-economic characteristics of the household.',49,'http://www.up.edu.ph/admissions/socialized-tuition-system/'),(5,'GSIS Scholarship Program','State pension fund Government Service Insurance System (GSIS) announced this year\'s allocation of 20 of the 200 slots in the GSIS Scholarship Program (GSP) for qualified dependents of persons with disabilities (PWDs), indigenous people (IPs), and solo or single parents.',0,'http://www.gsis.gov.ph/default.php?id=460'),(6,'BFAR FISHERIES SCHOLARSHIP PROGRAM','The BFAR Fisheries Scholarship Program is offering undergraduate scholarships to deserving students (Fisheries Scholarship Program) and also to children of small-scale fisherfolk (Fisherfolk Children Educational Grant) who are interested to pursue a four-year BS Fisheries course. The scholarship program provides FIVE slots per region.',0,'http://www.bfar.da.gov.ph/BFAR_ANNOUNCEMENT?id=14'),(7,'Megaworld Foundation Scholarship Program','With an average of 100 college scholars in its early years, the Foundation is currently supporting more than 400 students a year. These students show academic excellence in the fields of business, engineering, accountancy, information technology, architecture, communication arts, interior design, social sciences, hotel and restaurant management and tourism.',0,'http://www.megaworldfoundation.com/OurWork/ScholarshipProgram/beaMegaworldScholar.aspx'),(8,'Petron Tulong Aral','Tulong Aral ng Petron is a long-term and strategic initiative that helps send poor children to school, keep them there, and make sure they learn. ',0,'http://www.petron.com/csr-education.html'),(9,'SM College Scholarship Program','The SM College Scholarship program started with the vision of SM patriarch Henry Sy, Sr.—to send one child from a less fortunate family to college. After graduation and upon employment, the scholar could send one sibling to school and thus help provide a better future for the family.',0,'http://www.sm-foundation.org/education.html');
/*!40000 ALTER TABLE `scholarship` ENABLE KEYS */;
UNLOCK TABLES;

--
-- Table structure for table `schools`
--

DROP TABLE IF EXISTS `schools`;
/*!40101 SET @saved_cs_client     = @@character_set_client */;
/*!40101 SET character_set_client = utf8 */;
CREATE TABLE `schools` (
  `school_id` int(11) NOT NULL AUTO_INCREMENT,
  `school_name` varchar(100) NOT NULL,
  `school_address` varchar(100) DEFAULT NULL,
  `school_website` varchar(45) DEFAULT NULL,
  `school_email` varchar(45) DEFAULT NULL,
  `school_tel` varchar(45) DEFAULT NULL,
  `master` varchar(45) DEFAULT NULL,
  `phd` varchar(45) DEFAULT NULL,
  `bs` varchar(45) DEFAULT NULL,
  `school_type` int(11) DEFAULT NULL,
  `province_id` int(11) NOT NULL,
  `school_description` varchar(5000) DEFAULT NULL,
  PRIMARY KEY (`school_id`)
) ENGINE=InnoDB AUTO_INCREMENT=64 DEFAULT CHARSET=utf8;
/*!40101 SET character_set_client = @saved_cs_client */;

--
-- Dumping data for table `schools`
--

LOCK TABLES `schools` WRITE;
/*!40000 ALTER TABLE `schools` DISABLE KEYS */;
INSERT INTO `schools` VALUES (1,'Don Mariano Marcos Memorial State University','Sapilang, Bacnotan, La Union','http://nluc.dmmmsu.edu.ph/',NULL,'(072) 242 3608','230','300','100',0,21,'Don Mariano Mariano Marcos Memorial State University has three academic programs that have been re-accredited to Level III status by the Accrediting Agency of Chartered Colleges and Universities of the Philippines. These are Graduate College, Teacher Education, and Agriculture. For the past several years, DMMMSU had produced topnotchers in national board examinations in the fields of Mechanical Engineering, Electrical Engineering, Agriculture, Agricultural Engineering, Veterinary Medicine, Forestry, Midwifery, Master Electrician and Education.'),(2,'Mariano Marcos State University','Caunayan, Batac, Ilocos Norte','http://www.mmsu.edu.ph/','ovpaa@mmsu.edu.ph','(077) 792 2564','200','300','100',0,19,'The Mariano Marcos State University (MMSU) is a comprehensive institution of higher learning in the Ilocos region, which was establish in 06 January 1978 by Presidential Decree (PD) 1279 and named after the father of former President Ferdinand E. Marcos. The decree merge two state colleges in the province of Ilocos Norte, the then Mariano Marcos Memorial College of Science and Technology (MMMCST) with campuses in Batac, Currimao, Paoay and Dingras, and the Northern Luzon State College (NLSC) in Laoag City. It also transferred the college departments of the Ilocos Norte College of Arts and Trades (INCAT) in Loag City and Ilocos Norte Agricultural College (INAC) in Pasuquin.'),(3,'University of Northern Philippines','Quirino Boulevard,Vigan City 2700,Ilocos Sur','http://official.unp.edu.ph/',NULL,'(077) 722 2810','120','180','100',0,20,'The University of Northern Philippines holds the distinction of being the first state university in Northern Luzon. It was created through the enactment of Republic Act 4449 authored by the late Congressman FLORO S. CRISOLOGO. Approved on 19 June 1965, the Act converted the Ilocos Sur School of Arts and Trades, in the municipality of Vigan, province of Ilocos Sur, into this University.'),(9,'Isabela State University','Pan-Philippine Highway, Echague, Isabela','http://www.isu.edu.ph/','president@isu.edu.ph','(078) 305 9013','300','400','100',0,32,'The Isabela State University was established through the Presidential Decree (P.D.) 1434 by the then President Ferdinand Marcos on June 10, 1978 merging two state colleges – Isabela State College of Agriculture (ISCA) in Echague and Cagayan Valley Institute of Technology in Cabagan. The said decree also transferred the college level programs of Isabela School of Arts and Trades (ISAT) in Ilagan; San Mateo Vocational and Industrial School in San Mateo and Jones Rural School in Jones to the new State University. The merger identified Echague campus as the main campus and administrative site, and mandated the University to establish an effective and efficient institution of higher learning that will provide better professional and technical training in agriculture, the arts, sciences, humanities, and technology and in the conduct of scientific researches and technological studies.'),(10,'Nueva Vizcaya State University','Barangay Don Domingo Maddela, Bayombong, Nueva Vizcaya','http://www.nvsu.edu.ph/','info@nvsu.edu.ph',NULL,'150','250','100',0,33,'The Nueva Vizcaya State University is a public university in the Philippines. It is mandated to provide advanced instruction and professional training in agriculture, arts, science, technology, education and other related fields.'),(11,'Quirino State College','Diffun, Quirino','http://qsu.edu.ph/',NULL,'(078) 694 7056','300',NULL,'65',0,34,'Formerly Quirino State College, Quirino State University is a public university in the province of Quirino, Philippines. Its main campus is located in Diffun, Quirino, and the other campuses are located in Maddela and Cabarroguis. Nestled in the verdant hills of Diffun, Quirino State University (QSU) is a bastion of higher learning in Quirino province – considered as the last frontier of Northern Luzon.'),(12,'Bataan Peninsula State University','Barangay Bayan, Orani, Bataan ','http://bpsu.edu.ph/',NULL,'(078) 694 7056','550','800','240',0,45,'Bataan Peninsula State University is the only state university in the province of Bataan in the Philippines.'),(13,'Bulacan Agricultural State College','Pinaod, San Ildefonso, Bulacan','http://basc.edu.ph/',NULL,'(047) 237 2350','330','400','110',0,46,'Bulacan Agricultural State College is an agricultural state college located in San Ildefonso, Bulacan, Philippines.It prides itself of being the lone agricultural HEI in the province of Bulacan. Its former name is Bulacan National Agricultural State College (BNASC).'),(14,'Nueva Ecija University of Science and Technology','Gen. Tinio Street., Cabanatuan City, Nueva Ecija','http://neust.edu.ph/','neustmain@yahoo.com','(044) 463-0226','400','400','180',0,47,'\"The Nueva Ecija University of Science and Technology (NEUST) (Filipino: Pamantasan ng Nueva Ecija sa Agham at Teknolohiya), is a university located in Cabanatuan City, Nueva Ecija, Central Luzon, Philippines. The university offers graduate and undergraduate courses in many specialized fields as well as vocational training programs.\n\nThe university was established in 1908 and celebrated its centennial year in 2008.\"'),(15,'Batangas State University','Rizal Avenue Extension,Batangas City','http://batstate-u.edu.ph/','','(043) 300 2202','500','750','250',0,53,'The Batangas State University (translated in Filipino: Pambansang Pamantasan ng Batangas and commonly abbreviated as BatStateU, BatSU, or BSU) is a state university located in the Province of Batangas, Philippines. The university is currently recognized as the top performing mechanical and electrical engineering school in the country based on the results of March and April 2015 licensure examinations for electrical and mechanical engineers.'),(16,'Cavite State University','Indang, Cavite','http://cvsu.edu.ph/',NULL,'(046) 415 0010','275','275','225',0,54,'\"The Cavite State University, (CvSU) (Filipino: Pamantasang Estado ng Kabite), is a university in the province of Cavite in the Philippines. Its 72-hectare (180-acre) main campus, known as the Don Severino de las Alas Campus, is located in the Municipality of Indang, Cavite about 60 km (37 mi) southwest of Manila. The educational institution has ten other campuses spread all over the province.\n\nThe school was established initially as an intermediate school by the Thomasites, a group of American teachers brought by the United States during the early part of the American colonial period to revamp the system of education in the country. By 1964, the school has grown into a college known as the Don Severino Agricultural College (DSAC). It became a university on January 22, 1998, and was renamed as the Cavite State University.\n\nSince then, the university has grown offering close to 100 curricular programs in the undergraduate and graduate levels. It has more than 25,000 students and 1,200 faculty and staff from all eleven campuses.\"'),(17,'Laguna State Polytechnic University','Indang, Cavite','http://lspu.edu.ph/',NULL,'(049) 810-4110','300','500','100',0,55,'The Laguna State Polytechnic University (translated in Filipino: Pambansang Politeknikong Pamantasan ng Laguna and commonly abbreviated as LSPU) is a state university in the Province of Laguna, Philippines, with four regular campuses and several auxiliary sites.'),(21,'Mindoro State College of Agricultue and Technology',' Strong Republic Nautical Hwy, Calapan City, 5200 Oriental Mindoro','http://www.minscat.edu.ph/','',' (043) 286 7371','300','500','100',0,61,'The Mindoro State College of Agriculture and Technology is a public college in the Philippines. It is mandated to provide higher vocational, professional and technical '),(22,'Occidental Mindoro State College','Quirino St, San Jose, 5100 Occidental Mindoro','http://www.omsc.edu.ph/',NULL,'(043) 491-1460','500','500','100',0,60,NULL),(23,'Palawan State University','Tiniguiban Heights, Puerto Princesa 5300,Palawan','http://psu.palawan.edu.ph/',NULL,'(043) 491-1460','400','800','200',0,62,'A premiere State University in the Southeast Asia that provides excellent and relevant Higher Education for Sustainable Development.'),(24,'Bicol University','Legazpi City','http://www.bicol-u.edu.ph/',NULL,NULL,'400','500','175',0,65,'Bicol University is the premier regional state and research university in Bicol Region, the Philippines. BU is the first ISO 9001:2008 certified public university in the region with Certificate No. TUV 100 05 1782. '),(25,'Camarines Sur Polytechnic College','National Road, Nabua, 4434 Camarines Sur','http://www.cspc.edu.ph/',NULL,'(054) 299 4550','500',NULL,'180',0,66,NULL),(26,'Sorsogon State College','Magsaysay St, Sorsogon City, Sorsogon','http://ssc.net.ph/site2/main.php',NULL,NULL,'200',NULL,'150',0,70,'The Sorsogon State College (SSC) is one of the oldest trade schools in thePhilippines. It was established as Sorsogon Trade School[1] in 1907, was renamed Sorsogon School of Arts and Trades by virtue of RA 704 in June 1953 and again renamed Sorsogon College of Arts and Trades in 1976.'),(27,'Aklan State University ','Banga-Libacao Highway, Banga, Aklan','http://www.asu.edu.ph/',NULL,'(036) 276 6304','250','300','120',0,71,'The Aklan State University is an educational institution in the Western Visayas region of the Philippines. Its main campus is located in the town of Banga in Aklan, with four other campuses across the province. '),(28,'Iloilo State College of Fisherries','Tiwi Barotac Nuevo, Iloilo 5007, Philippines ','http://www.iscof.edu.ph/','sucpresident@iscof.edu.ph',' 09175136027','300','350','120',0,75,NULL),(29,'Negros State College of Agriculture','Hinoba-an, 6114 Negros Occidental','http://www.cpsu.edu.ph/','cpsu_main@cpsu.edu.ph','(034) 471-3425','300','400','140',0,77,'The Central Philippines State University formerly known as Negros State College of Agriculture is a public state university in the Philippines. Its main campus is located in Kabankalan City, Negros Occidental.'),(30,'Cebu Normal University','Osmena Boulevard, Cebu City','http://cnu.edu.ph/','info@cnu.edu.ph\r','(032) 254-1452 / 253-7915','200','250','70',0,80,'Cebu Normal University (CNU) was established in 1902 as the Cebu Normal School, a provincial normal school, a branch of the Philippine Normal School. With the passage of RA 5128 in 1967, Cebu Normal School was renamed Cebu Normal College. In 1976, it was converted into a state college by virtue of PD 944.'),(31,'Cebu Technological University - Main','M. J. Cuenco Ave, Cebu City, Cebu','http://ctu.edu.ph/',NULL,'(032) 256 1537','300','350','150',0,80,'Cebu Technological University formerly known as Cebu State College of Science and Technology is an ISO 9001:2008 certified by the Anglo-Japanese American Registrars under Reg. No. 059-A Certificate No. AJA03/6952.'),(32,'Eastern Samar State College','Barangay Maypangdan Borongan Eastern Samar','http://essu.edu.ph/','info@essu.edu.ph','(055) 261 2500','150','150','100',0,85,'The Eastern Samar State University is a state university in the Philippines with main campus located in Borongan, Eastern Samar. It has satellite campus in Maydolong, Eastern Samar.'),(33,'Leyte Normal University','Paterno St, Downtown, Tacloban, Leyte','http://lnu.edu.ph/',NULL,'(053) 321 2176','200','300','150',0,91,'The history of Leyte Normal University dates back to the pre-war years. It came into being in 1921 as the Provincial Normal School, a mere adjunct of the Leyte High School. It eventually outgrew its base becoming a two-year collegiate training institution in 1938. It became a degree-granting four-year college complete with a training department in 1952. It was then known as Leyte Normal School.'),(34,'Palompom Institute of Technology','Evangelista Street, Palompon, Leyte','http://pit.edu.ph/',NULL,'(053) 338 2082','250','300','150',0,86,'The Palompon Institute of Technology (PIT) is a state college in the Philippines. It is mandated to provide higher vocational, professional, and technical instruction and training in trade and industrial education and other vocational courses, professional courses, and offer engineering courses. It is also mandated to promote research, advance studies and progressive leadership in the fields of trade, technical, industrial and technological education. Its main campus is in Palompon, Leyte.\r \r The Palompon Institute of Technology is composed of many colleges such as the College of Education, College of Technology and Engineering, College of Arts and Science, College of Maritime Education and College of Advance Education. PIT is located along Evangelista Street in Palompon,leyte Province Philippines. PIT is a Leyte educational institution that specializes in the field of Maritime Sciences. it offers Maritime education, this college offers academic programs such as Bachelor of Science in Marine Engineering, Bachelor of Science in Electrical Engineering, Bachelor of Science in Mechanical Engineering, Bachelor of Science in Industrial Engineering. Aside from these baccalaureate degrees,PIT also offers graduate academic programs that include Doctor of Philosophy Major in Educational Management, Master of Arts Major in Community Development, and Master of Technology Education. Furthermore, this educational institution also offers scholarships and grants to numerous intelligent students.'),(35,'Basilan State College ','Isabela City, Basilan','http://bassc.edu.ph/',NULL,'(062) 200-7523','350','350','30',0,32,'Basilan State College is a state college in the island province of Basilan. Its main campus is located in Isabela City with three college extensions in Lamitan City, Maluso and Tipo-Tipo, Basilan, plus one agricultural and secondary campus in Sta. Clara.'),(36,'Josefina H. Cerilles State College','Mati, San Miguel, Zamboanga del Sur','http://jhcscmain.edu.ph/','jhcscmedia@gmail.com','(062) 353 1644','300',NULL,'120',0,93,'On February 20, 1995, Republic Act No. 7895 was signed into law converting then Josefine H. Cerilles National High School into a college to become Josefina H. Cerilles Polytechnic College.'),(37,'Zamboanga City State Polytechnic College','R T Lim Boulevard, Baliwasan, Zamboanga','http://www.zcspc.edu.ph/','zcspc@zcpsc.edu.ph','(062) 991 4012','250','250','75',0,92,NULL),(38,'Bukidnon State College','Malaybalay City, Bukidnon','http://bsc.edu.ph/',NULL,'+63-88-221-2196','400','500','225',0,95,'Bukidnon State University is located in the capital town of Malaybalay City, Bukidnon and is strategically positioned to serve Region 10, the CARAGA Region and other outlaying cities and provinces of Mindanao. It is one of the leading educational institutions serving the people not only in Mindanao but also the country in general. The following series of milestones became evolutionary decades in the history of the College.'),(39,'Misamis Oriental State College of Agriculture and Technology','Villanueva-Claveria Road, Claveria, 9004 Misamis Oriental','http://www.moscat.edu.ph/',NULL,'(088) 358 1465','250','600','150',0,101,NULL),(40,'Northwestern Mindanao State College of Science and Technology','Labuyo, Tangub City, Misamis Occidental','http://nmsc.edu.ph/','support@nmsc.edu.ph','(088) 586 0173',NULL,NULL,'150',0,100,'The Northwestern Mindanao State College of Science and Technology (NMSC) started as Tangub Agro-Industrial School (TANAIS) in Sumirap, Tangub City way back in 1971 offering secondary agriculture and trade curricula with Mr. Jesus T. Bonilla as principal. On June 26, 1973, the school was transferred to Labuyo, Tangub City three kilometers from the city proper and approximately four hundred meters from the national highway, with Dr. Perfecto B. Yebes as the Vocational School Administrator. The school started offering post secondary courses in 1974 and had been an affiliate off campus institute of the Central Mindanao University, Musuan, Bukidnon from 1979 to 1984. In 1994, Bachelor\'s Degree in Secondary Education and Industrial Technology were then offered. '),(41,'Davao del Norte State College','Panabo, Davao del Norte','http://dnsc.edu.ph/','dnscpanabo@gmail.com','(084) 628 4301','200','300','80',0,109,NULL),(42,'Davao Oriental State College of Science and Technology','Mati, Davao Oriental','http://www.doscst.edu.ph/',NULL,'(087) 388 3195','319',NULL,'74',0,111,NULL),(43,'University of Southeastern Philippines','Porras St, Obrero, Davao City, Davao del Sur','http://www.usep.edu.ph/','p.a.alibin@usep.edu.ph','(082) 221 7737','300','300','250',0,110,'The University of Southeastern Philippines (USEP) is a regional state university created in 1978 through Batas Pambansa Bilang 12. The university is an integration of four state institutions, particularly, the Mindanao State University-Davao, the University of the Philippines-Master of Management Program in Davao, the Davao School of Arts and Trades, and the Davao National Regional Agricultural School.'),(44,'Cotobato City State Polytechnic College','Sinsuat Avenue, Cotabato City','http://www.ccspc.edu.ph/',NULL,'(064) 421 5146','180','270','120',0,113,'CCSPC has strong and competent faculty members of one hundred seventy-nine (179).These regular faculty members are classified according to their academic ranks.These numbers does not include contractual and part-time faculty members.'),(45,'Sultan Kudarat Polytechnic State College','EJC Montilla, Tacurong City','http://www.sksu.edu.ph/',NULL,'(064) 200-4261','300','400','150',0,117,'The Sultan Kudarat State University (SKSU) its administration center located at EJC Montilla, City of Tacurong is the only state or public institution of higher learning in the Province of Sultan Kudarat. It is an active member of the Philippine Association of State Universities and Colleges (PASUC), the Mindanao Association of State Colleges and Universities Foundation (MASCUF) and local, regional, national and international organizations.'),(46,'University of Southern Mindanao','Kabacan, Cotabato','http://www.usm.edu.ph/',NULL,'(064) 248 2138','500','700','125',0,113,NULL),(47,'Marikina Polytechnic College','San Roque, Marikina, 1801 Metro Manila','http://www.mpcedu.url.ph/',NULL,'(02) 646 1613','300','300','100',0,7,'The Marikina Polytechnic College was established as a State College in the heart of the Marikina City through the enacment of Republic Act No. 9289 during the 3rd Regular Session of the 12th Congress of the Philippines, and then approved on April 14, 2004.'),(48,'Philippine Normal University ','Ayala Blvd, Ermita, Manila, Metro Manila','http://www.pnu.edu.ph/',NULL,'(02) 317 1768','480','550','35',0,6,NULL),(49,'University of the Philippines System','Padre Faura Street Ermita, 670 Zone 72, Manila','http://www.up.edu.ph/',NULL,'(632) 926-1572','2500','2500','1000',0,14,'The University of the Philippines (UP) is the country’s national university. This premier institution of higher learning was established in 1908 and is now a university system composed of seven constituent universities and one autonomous college spread throughout 15 campuses in the archipelago. As of 2012, the UP System’s student population was at least 57,000.'),(59,'De La Salle University',' 2401 Taft Ave., Malate, City of Manila','http://www.dlsu.edu.ph/','president@dlsu.edu.ph','02) 524-4611 local 153','5000','6000','4000',1,6,'De La Salle University positions itself as a leader in molding human resources who serve the church and the nation. It is a Catholic coeducational institution founded in 1911 by the Brothers of the Christian Schools. The University is a hub for higher education training renowned for its academic excellence, prolific and relevant research, and involved community service.'),(60,'Ateneo de Manila University','Loyola Heights, Katipunan Avenue, Quezon City','http://www.ateneo.edu/','webmaster@admu.edu.ph','(02) 426-6123 ','4000','5000','4000',1,14,'Ateneo undergraduates follow a Catholic-rooted liberal arts curriculum throughout their programs in the Humanities, Social Sciences, Science and Engineering, or Business Management. The Commission on Higher Education has recognized the research units in physics, chemistry, mathematics, information technology, entrepreneurship education, and business administration as Centers of Excellence while the biology and environmental science units are declared Centers of Development. The Loyola Heights campus also hosts two chemistry research centers: Philippine Institute of Pure and Applied Chemistry (PIPAC) and National Chemistry Instrumentation Center (NCIC).'),(61,'Baguio Central University','No. 18 Bonifacio St., Baguio City, Benguet','http://bcu.edu.ph/',' bc_u@yahoo.com','(074) 444-9247','3000','4000','3000',1,26,NULL),(62,'Ateneo de Naga University','Ateneo Avenue, Naga City, Camarines Sur','http://www.adnu.edu.ph/',NULL,'(63 54) 473-8447','4000','4000','3500',1,66,'As a university, the Ateneo de Naga seeks the integral formation of men and women who will contribute to the toal development of the family and human society.'),(63,'Angeles University Foundation','Macarthur Highway, Angeles City, Pampanga 2009','http://www.auf.edu.ph/','auf@auf.edu.ph','(045) 625-2888','4000','4500','3500',1,49,'AUF is a world-class higher education institution committed to excellence in instruction, research and community service. It is the premier university in the region and is among the best universities in the Philippines. It has among the highest percentages of faculty with graduate degrees in the Philippines.');
/*!40000 ALTER TABLE `schools` ENABLE KEYS */;
UNLOCK TABLES;
/*!40103 SET TIME_ZONE=@OLD_TIME_ZONE */;

/*!40101 SET SQL_MODE=@OLD_SQL_MODE */;
/*!40014 SET FOREIGN_KEY_CHECKS=@OLD_FOREIGN_KEY_CHECKS */;
/*!40014 SET UNIQUE_CHECKS=@OLD_UNIQUE_CHECKS */;
/*!40101 SET CHARACTER_SET_CLIENT=@OLD_CHARACTER_SET_CLIENT */;
/*!40101 SET CHARACTER_SET_RESULTS=@OLD_CHARACTER_SET_RESULTS */;
/*!40101 SET COLLATION_CONNECTION=@OLD_COLLATION_CONNECTION */;
/*!40111 SET SQL_NOTES=@OLD_SQL_NOTES */;

-- Dump completed on 2015-11-22  5:06:44
